BEGIN;

DELETE FROM WWA_USUARIO_DISPOSITIVO;
DELETE FROM WWA_CATALOGO_DISPOSITIVO;
DELETE FROM WWA130;

INSERT INTO WWA_CATALOGO_DISPOSITIVO (ID_DISPOSITIVO,FECHA_INGRESA,FECHA_MODIFICA,AGENTE,DIRECCION_BLUETOOTH,DIRECCION_WIFI,ESTADO_DISPOSITIVO,IDENTIFICADOR,MODELO_DISPOSITIVO,NUMERO_IMEI,NUMERO_SERIE,NUMERO_TELEFONO,OPERADOR_TELEFONICO,SISTEMA_OPERATIVO,USUARIO_INGRESA,USUARIO_MODIFICA,VERSION_SISTEMA) VALUES
	 ('000001','2022-06-17 15:14:47.125797','2022-06-17 15:14:47.125797','Agente','No Dsiponible','b9:1c7878781','No Displonible','0002221','ZTE Blade L1','999999999991','SR7881','+589999999991','DIRECTV','IOS','100001',NULL,'CLA_CR_L8_V9.1'),
	 ('000002','2022-06-17 15:15:14.903702','2022-06-17 15:15:14.903702','Agente','No Dsiponible','b9:1c7878782','No Displonible','0002222','NOKIA 8','999999999992','SR7882','+579999999992','KOLBI','WINDOWS','100001',NULL,'CLA_CR_L8_V9.2'),
	 ('000003','2022-06-17 15:15:39.928597','2022-06-17 15:15:39.929596','Agente','No Dsiponible','b9:1c7878783','No Displonible','0002223','HIUNDAY','999999999993','SR7883','+579999999993','MOVISTAR','IOS','100001',NULL,'CLA_CR_L8_V9.0'),
	 ('000004','2022-06-17 15:16:23.35841','2022-06-17 15:16:23.35841','Agente','No Dsiponible','b9:1c7878784','No Displonible','0002224','Nokia 1108','999999999994','SR7884','+579999999994','VIRGIN','WINDOWS','100001',NULL,'CLA_CR_L8_V2.4'),
	 ('000005','2022-06-17 15:16:58.671028','2022-06-17 15:16:58.671028','Agente','No Dsiponible','b9:1c7878785','No Displonible','0002224','ZTE Blade L8','999999999995','SR7885','+579999999995','CLARO','IOS','100001',NULL,'CLA_CR_L8_V9.0');
	 	 
INSERT INTO WWA130 (USR130,ADA130,ANS130,APP130,ATY130,AUS130,CDC130,CHG130,CHP130,CHT130,CHY130,KEY130,COM130,CRD130,CTR130,TRY130,DCH130,ECC130,EML130,ENT130,ADD130,FAA130,FAX130,FIR130,IDI130,IDT130,INC130,LLI130,LTY130,MDT130,MIG130,MUS130,NAM130,NPT130,OFF130,OPE130,PEM130,PID130,POB130,PSS130,QUE130,RAN130,SCL130,SCO130,SSE130,STS130,TEA130,TEL130,TEN130,TFA130,TFO130,TRT130,ULG130) VALUES
	 ('100001',NULL,'',NULL,NULL,NULL,NULL,NULL,NULL,NULL,NULL,NULL,NULL,NULL,'CTR',NULL,NULL,NULL,NULL,'',NULL,NULL,NULL,NULL,'1000001','CTR',NULL,NULL,NULL,NULL,NULL,NULL,'Kailor Navas',NULL,NULL,NULL,'kaylor.navas@gmail.com',NULL,NULL,NULL,'',NULL,1,NULL,NULL,NULL,NULL,NULL,'Tendencia',NULL,NULL,NULL,NULL),
	 ('100002',NULL,'',NULL,NULL,NULL,NULL,NULL,NULL,NULL,NULL,NULL,NULL,NULL,'CTR',NULL,NULL,NULL,NULL,'asds',NULL,NULL,NULL,NULL,'1000002','CTR',NULL,NULL,NULL,NULL,NULL,NULL,'Joel Cambell',NULL,NULL,NULL,'joel.cambell@hotmail.com',NULL,NULL,NULL,'',NULL,2,NULL,NULL,NULL,NULL,NULL,'Tendencia',NULL,NULL,NULL,NULL),
	 ('100003',NULL,'',NULL,NULL,NULL,NULL,NULL,NULL,NULL,NULL,NULL,NULL,NULL,'CTR',NULL,NULL,NULL,NULL,'Entro',NULL,NULL,NULL,NULL,'1000003','CTR',NULL,NULL,NULL,NULL,NULL,NULL,'Bryan Ruiz',NULL,NULL,NULL,'bryan.ruiz@outlook.com',NULL,NULL,NULL,'',NULL,2,NULL,NULL,NULL,NULL,NULL,'Tendencia',NULL,NULL,NULL,NULL),
	 ('100004',NULL,'',NULL,NULL,NULL,NULL,NULL,NULL,NULL,NULL,NULL,NULL,NULL,'CTR',NULL,NULL,NULL,NULL,'asds',NULL,NULL,NULL,NULL,'1000004','CTR',NULL,NULL,NULL,NULL,NULL,NULL,'Oscar Duarte',NULL,NULL,NULL,'oscar.duarte@gmail.com',NULL,NULL,NULL,'',NULL,2,NULL,NULL,NULL,NULL,NULL,'Tendencia',NULL,NULL,NULL,NULL),
	 ('100005',NULL,'',NULL,NULL,NULL,NULL,NULL,NULL,NULL,NULL,NULL,NULL,NULL,'CTR',NULL,NULL,NULL,NULL,'asds',NULL,NULL,NULL,NULL,'1000005','CTR',NULL,NULL,NULL,NULL,NULL,NULL,'Celso Borgues',NULL,NULL,NULL,'celso.borgues@yahoo.com',NULL,NULL,NULL,'',NULL,2,NULL,NULL,NULL,NULL,NULL,'Tendencia',NULL,NULL,NULL,NULL);
	 
	 
INSERT INTO WWA_USUARIO_DISPOSITIVO (ID,ESTADO_DETECTID,ESTADO_MANTENIMIENTO,ID_DETECTID,NOMBRE_DISPOSITIVO,USUARIO_INGRESA,USUARIO_MODIFICA,ID_DISPOSITIVO,USUARIO) VALUES
	 (1,'BUE','BUE','78784451','KEylorZTE',NULL,NULL,'000001','100001'),
	 (2,'EXC','EXC','78784452','ZLEJOE',NULL,NULL,'000002','100002'),
	 (3,'MAL','MAL','78784453','De JOEL',NULL,NULL,'000003','100002'),
	 (4,'EXC','EXC','78784454','OSCDUAR',NULL,NULL,'000004','100004'),
	 (5,'MAL','MAL','78784455','CELSBOR',NULL,NULL,'000005','100005');

COMMIT;